target,language,cached,setup,startup
linux,go,1,62.23025100000000000000,324.48895600000000000000
linux,go,1,70.67919200000000000000,322.21080400000000000000
linux,go,1,59.73633800000000000000,318.65338700000000000000
linux,go,1,66.07377000000000000000,329.01988100000000000000
linux,go,1,57.61855700000000000000,320.37811100000000000000
linux,go,1,76.07435500000000000000,319.09940000000000000000
linux,go,1,67.95779700000000000000,321.39480400000000000000
linux,go,1,70.39082200000000000000,321.42882000000000000000
linux,go,1,62.31394600000000000000,326.67089400000000000000
linux,go,1,68.83291500000000000000,320.14458300000000000000
linux,go,1,54.66432900000000000000,320.89606700000000000000
linux,go,1,65.64095000000000000000,319.77290300000000000000
linux,go,1,67.45471800000000000000,328.86300800000000000000
linux,go,1,71.24906000000000000000,329.29914000000000000000
linux,go,1,60.99894900000000000000,323.16189800000000000000
linux,go,1,78.35738700000000000000,318.50780400000000000000
linux,go,1,53.52438900000000000000,322.53935800000000000000
linux,go,1,78.71968400000000000000,322.34839700000000000000
linux,go,1,69.26759900000000000000,319.40800800000000000000
linux,go,1,53.40580500000000000000,317.80104200000000000000
linux,go,1,63.70162900000000000000,319.00225200000000000000
linux,go,1,68.11373000000000000000,319.87245500000000000000
linux,go,1,61.32648000000000000000,319.47035600000000000000
linux,go,1,85.23191800000000000000,321.01363200000000000000
linux,go,1,61.58037700000000000000,318.83912300000000000000
linux,go,1,64.62505800000000000000,329.30269700000000000000
linux,go,1,56.59687700000000000000,321.59873200000000000000
linux,go,1,64.49879500000000000000,319.32898400000000000000
linux,go,1,68.74199100000000000000,318.30662400000000000000
linux,go,1,52.27195500000000000000,328.44937400000000000000
linux,go,1,59.47250700000000000000,319.08605200000000000000
linux,go,1,57.29496300000000000000,321.23966800000000000000
linux,go,1,58.08493400000000000000,322.49800500000000000000
linux,go,1,85.51144900000000000000,328.21116700000000000000
linux,go,1,66.36793300000000000000,320.99776700000000000000
linux,go,1,67.28848200000000000000,321.37432000000000000000
linux,go,1,77.98817100000000000000,321.08660100000000000000
linux,go,1,75.00689900000000000000,318.40900700000000000000
linux,go,1,71.87730100000000000000,320.79807900000000000000
linux,go,1,69.72256700000000000000,326.25838000000000000000
linux,go,1,57.45593400000000000000,327.99536100000000000000
linux,go,1,71.99644400000000000000,320.58340600000000000000
linux,go,1,64.93210600000000000000,316.47361600000000000000
linux,go,1,62.15793200000000000000,320.92331100000000000000
linux,go,1,61.39631300000000000000,319.61434700000000000000
linux,go,1,59.84621300000000000000,320.64599100000000000000
linux,go,1,54.29824400000000000000,327.35354700000000000000
linux,go,1,51.65452800000000000000,321.46899200000000000000
linux,go,1,48.19779600000000000000,321.67251600000000000000
linux,go,1,79.50035900000000000000,319.57562400000000000000
linux,go,1,54.06354700000000000000,320.90378900000000000000
linux,go,1,72.24003600000000000000,320.22056800000000000000
linux,go,1,57.79989700000000000000,329.20162000000000000000
linux,go,1,73.28101500000000000000,321.55079400000000000000
linux,go,1,59.37444900000000000000,321.32506700000000000000
linux,go,1,64.82691700000000000000,329.24635100000000000000
linux,go,1,52.78812400000000000000,320.83106500000000000000
linux,go,1,64.85046100000000000000,320.19823600000000000000
linux,go,1,56.43971100000000000000,320.19415300000000000000
linux,go,1,55.63538000000000000000,319.99011400000000000000
linux,go,1,78.72301900000000000000,320.53052500000000000000
linux,go,1,63.02381400000000000000,326.73281200000000000000
linux,go,1,59.04933200000000000000,319.05808200000000000000
linux,go,1,68.06725600000000000000,320.36789100000000000000
linux,go,1,63.86844300000000000000,320.19109700000000000000
linux,go,1,58.77957700000000000000,320.37224200000000000000
linux,go,1,59.32386100000000000000,319.21734900000000000000
linux,go,1,47.96032100000000000000,318.81397100000000000000
linux,go,1,57.97552900000000000000,319.41180100000000000000
linux,go,1,76.76808300000000000000,321.98366800000000000000
linux,go,1,55.64652200000000000000,320.19758000000000000000
linux,go,1,66.37005700000000000000,320.11724400000000000000
linux,go,1,83.87415900000000000000,319.93991000000000000000
linux,go,1,55.39439000000000000000,317.75809400000000000000
linux,go,1,72.68423800000000000000,320.75694700000000000000
linux,go,1,54.36767500000000000000,320.56757900000000000000
linux,go,1,63.62616000000000000000,328.02893600000000000000
linux,go,1,82.88270100000000000000,322.97452800000000000000
linux,go,1,81.07634400000000000000,319.30018500000000000000
linux,go,1,71.26957500000000000000,321.07908200000000000000
linux,go,1,56.39799800000000000000,319.10985000000000000000
linux,go,1,60.43872600000000000000,328.11721100000000000000
linux,go,1,63.13555100000000000000,318.67797600000000000000
linux,go,1,79.85980500000000000000,327.34495900000000000000
linux,go,1,67.40293900000000000000,321.43975400000000000000
linux,go,1,72.89228700000000000000,320.67334900000000000000
linux,go,1,68.89437600000000000000,320.13906700000000000000
linux,go,1,55.01395700000000000000,319.00575000000000000000
linux,go,1,63.81026300000000000000,313.70120800000000000000
linux,go,1,58.89471700000000000000,320.12573500000000000000
linux,go,1,66.08378300000000000000,319.59928400000000000000
linux,go,1,55.50190100000000000000,321.53066400000000000000
linux,go,1,69.39263200000000000000,318.38085100000000000000
linux,go,1,58.74274600000000000000,320.28887400000000000000
linux,go,1,71.37208700000000000000,320.20510800000000000000
linux,go,1,62.60912100000000000000,317.23030400000000000000
linux,go,1,61.06132500000000000000,319.36056100000000000000
linux,go,1,67.84130700000000000000,319.77710600000000000000
linux,go,1,49.03780700000000000000,319.53686500000000000000
linux,go,1,61.32402400000000000000,319.21120500000000000000
linux,go,0,80.12558000000000000000,348.68776400000000000000
linux,go,0,74.11171700000000000000,347.03995100000000000000
linux,go,0,70.17277700000000000000,346.71654900000000000000
linux,go,0,81.11381100000000000000,346.58496400000000000000
linux,go,0,63.57694700000000000000,351.78463300000000000000
linux,go,0,65.06736100000000000000,347.52348900000000000000
linux,go,0,67.37730400000000000000,344.63703700000000000000
linux,go,0,90.74392200000000000000,347.76304800000000000000
linux,go,0,68.53884000000000000000,347.00074400000000000000
linux,go,0,78.51124300000000000000,348.04553500000000000000
linux,go,0,69.98801700000000000000,354.56163400000000000000
linux,go,0,81.42363700000000000000,352.84749300000000000000
linux,go,0,77.77948600000000000000,358.12645100000000000000
linux,go,0,71.58409100000000000000,343.65623100000000000000
linux,go,0,72.33294800000000000000,346.72109300000000000000
linux,go,0,84.29304400000000000000,334.05214500000000000000
linux,go,0,69.47248500000000000000,349.20921500000000000000
linux,go,0,67.82424500000000000000,347.99119600000000000000
linux,go,0,72.40343700000000000000,348.54133500000000000000
linux,go,0,72.53419100000000000000,348.53574900000000000000
linux,go,0,83.62813000000000000000,346.22112400000000000000
linux,go,0,94.51589300000000000000,339.86128900000000000000
linux,go,0,78.91136400000000000000,351.45844500000000000000
linux,go,0,78.20286600000000000000,346.89194900000000000000
linux,go,0,81.97963500000000000000,354.29487900000000000000
linux,go,0,71.17235500000000000000,347.57053200000000000000
linux,go,0,87.73156500000000000000,350.60686500000000000000
linux,go,0,79.78701700000000000000,349.65369800000000000000
linux,go,0,64.16871400000000000000,355.81426100000000000000
linux,go,0,70.74590600000000000000,340.67925300000000000000
linux,go,0,68.22511400000000000000,348.90895100000000000000
linux,go,0,63.16312900000000000000,347.06413800000000000000
linux,go,0,85.88152000000000000000,348.60924800000000000000
linux,go,0,78.19124600000000000000,338.57053300000000000000
linux,go,0,61.83460000000000000000,344.60570400000000000000
linux,go,0,79.47432700000000000000,357.63465500000000000000
linux,go,0,70.30430000000000000000,345.60909700000000000000
linux,go,0,61.99936700000000000000,346.45667400000000000000
linux,go,0,77.00260100000000000000,346.68612700000000000000
linux,go,0,83.79065500000000000000,350.18931800000000000000
linux,go,0,77.80755600000000000000,350.70002800000000000000
linux,go,0,69.27801600000000000000,347.37742900000000000000
linux,go,0,60.72758300000000000000,344.70804900000000000000
linux,go,0,90.52480600000000000000,349.76559500000000000000
linux,go,0,73.25538900000000000000,350.13406500000000000000
linux,go,0,89.55875900000000000000,356.79978100000000000000
linux,go,0,82.73562500000000000000,347.24301800000000000000
linux,go,0,81.69177300000000000000,348.80108300000000000000
linux,go,0,71.28518100000000000000,348.14238100000000000000
linux,go,0,82.18647000000000000000,342.77053200000000000000
linux,go,0,73.10423200000000000000,348.80256200000000000000
linux,go,0,80.03561400000000000000,350.13821600000000000000
linux,go,0,72.11557000000000000000,345.89389200000000000000
linux,go,0,77.16897700000000000000,345.41527600000000000000
linux,go,0,69.03280300000000000000,354.99526000000000000000
linux,go,0,81.59896400000000000000,345.38546200000000000000
linux,go,0,72.24085900000000000000,342.40080100000000000000
linux,go,0,76.36180400000000000000,345.22122700000000000000
linux,go,0,86.09708500000000000000,356.87215400000000000000
linux,go,0,78.00947500000000000000,348.84793600000000000000
linux,go,0,89.91699200000000000000,346.97696900000000000000
linux,go,0,89.03770700000000000000,348.42132300000000000000
linux,go,0,88.37093300000000000000,347.92575300000000000000
linux,go,0,74.09284900000000000000,348.41344200000000000000
linux,go,0,86.97120800000000000000,345.70614400000000000000
linux,go,0,81.75212200000000000000,347.49184400000000000000
linux,go,0,70.22314400000000000000,346.46656900000000000000
linux,go,0,82.32813100000000000000,349.13135800000000000000
linux,go,0,86.09918900000000000000,340.33173100000000000000
linux,go,0,81.90259400000000000000,340.47515700000000000000
linux,go,0,78.11329400000000000000,347.48886400000000000000
linux,go,0,75.58343300000000000000,344.35506800000000000000
linux,go,0,78.94375100000000000000,349.77857800000000000000
linux,go,0,99.40670100000000000000,347.29031400000000000000
linux,go,0,73.71041000000000000000,345.82679800000000000000
linux,go,0,75.93417500000000000000,342.19529200000000000000
linux,go,0,78.75231600000000000000,346.57855300000000000000
linux,go,0,75.63667600000000000000,347.58540800000000000000
linux,go,0,81.27208900000000000000,347.07214200000000000000
linux,go,0,75.88786000000000000000,345.03778900000000000000
linux,go,0,84.75267400000000000000,344.60383000000000000000
linux,go,0,70.38659700000000000000,348.15546700000000000000
linux,go,0,76.03307600000000000000,351.99718500000000000000
linux,go,0,76.89395200000000000000,345.91851400000000000000
linux,go,0,86.66233900000000000000,346.59302200000000000000
linux,go,0,77.47515800000000000000,345.71974900000000000000
linux,go,0,74.01950800000000000000,356.57919500000000000000
linux,go,0,84.73247400000000000000,347.77589800000000000000
linux,go,0,66.98302600000000000000,340.02890400000000000000
linux,go,0,78.64350400000000000000,347.56612800000000000000
linux,go,0,76.86156100000000000000,342.69082500000000000000
linux,go,0,73.24978300000000000000,345.36955000000000000000
linux,go,0,61.39632300000000000000,342.65717400000000000000
linux,go,0,79.29706700000000000000,345.84516400000000000000
linux,go,0,76.71255400000000000000,356.43084600000000000000
linux,go,0,72.09347600000000000000,342.69718200000000000000
linux,go,0,70.67403800000000000000,344.55608900000000000000
linux,go,0,96.60043100000000000000,347.51983600000000000000
linux,go,0,77.49762100000000000000,348.39085000000000000000
linux,go,0,67.00231800000000000000,347.53209100000000000000
linux,node,1,72.05859200000000000000,416.24375900000000000000
linux,node,1,70.32161100000000000000,424.96326200000000000000
linux,node,1,65.22261500000000000000,415.15657700000000000000
linux,node,1,62.81763000000000000000,414.51073200000000000000
linux,node,1,54.28121400000000000000,414.50012700000000000000
linux,node,1,70.68546000000000000000,423.15461200000000000000
linux,node,1,73.49643200000000000000,415.08969400000000000000
linux,node,1,61.69620100000000000000,416.06184700000000000000
linux,node,1,60.98156600000000000000,414.25406600000000000000
linux,node,1,66.06745100000000000000,415.42925600000000000000
linux,node,1,57.77984800000000000000,415.50603500000000000000
linux,node,1,67.75378700000000000000,419.17012800000000000000
linux,node,1,49.24098300000000000000,414.35078700000000000000
linux,node,1,81.93925600000000000000,414.91507500000000000000
linux,node,1,68.94705100000000000000,417.87053800000000000000
linux,node,1,76.51716300000000000000,414.97219600000000000000
linux,node,1,80.71405200000000000000,414.24381000000000000000
linux,node,1,65.74824700000000000000,415.96653900000000000000
linux,node,1,72.61125100000000000000,414.83860900000000000000
linux,node,1,72.40727900000000000000,415.51346400000000000000
linux,node,1,57.78601800000000000000,415.31870500000000000000
linux,node,1,58.25285000000000000000,413.91959100000000000000
linux,node,1,62.42170000000000000000,414.90617600000000000000
linux,node,1,79.01701500000000000000,415.71675900000000000000
linux,node,1,66.26034500000000000000,415.49717200000000000000
linux,node,1,55.84301400000000000000,421.40370100000000000000
linux,node,1,54.51308800000000000000,414.43232200000000000000
linux,node,1,73.29418500000000000000,415.29076700000000000000
linux,node,1,54.08916100000000000000,422.73854800000000000000
linux,node,1,59.73482300000000000000,416.01621000000000000000
linux,node,1,66.85134600000000000000,413.40220500000000000000
linux,node,1,70.06947500000000000000,416.41824000000000000000
linux,node,1,67.07701600000000000000,414.28226600000000000000
linux,node,1,63.91484400000000000000,415.30953500000000000000
linux,node,1,70.71684000000000000000,414.31651600000000000000
linux,node,1,77.58402600000000000000,412.80525900000000000000
linux,node,1,78.35081500000000000000,414.28805900000000000000
linux,node,1,62.39275600000000000000,415.04201500000000000000
linux,node,1,56.00616400000000000000,415.08608900000000000000
linux,node,1,78.80961400000000000000,415.17649900000000000000
linux,node,1,75.04288700000000000000,417.46821200000000000000
linux,node,1,68.19640800000000000000,414.19178600000000000000
linux,node,1,74.38959100000000000000,415.32699200000000000000
linux,node,1,65.96823800000000000000,415.00061300000000000000
linux,node,1,53.35526400000000000000,414.24935000000000000000
linux,node,1,68.98730400000000000000,414.38784900000000000000
linux,node,1,60.53952800000000000000,423.90822500000000000000
linux,node,1,65.59371900000000000000,414.53306800000000000000
linux,node,1,72.34235900000000000000,415.93027800000000000000
linux,node,1,61.85573900000000000000,414.80706400000000000000
linux,node,1,54.65878300000000000000,415.98978400000000000000
linux,node,1,65.75544500000000000000,415.42148100000000000000
linux,node,1,63.99454800000000000000,417.50727400000000000000
linux,node,1,66.24674800000000000000,415.45386300000000000000
linux,node,1,55.81552700000000000000,414.89813800000000000000
linux,node,1,55.03274600000000000000,415.03014200000000000000
linux,node,1,58.50534400000000000000,414.45220200000000000000
linux,node,1,63.32205400000000000000,415.78779100000000000000
linux,node,1,81.84813300000000000000,413.98046300000000000000
linux,node,1,74.70035100000000000000,414.67046300000000000000
linux,node,1,54.49717000000000000000,415.07940200000000000000
linux,node,1,64.15299900000000000000,420.13369400000000000000
linux,node,1,59.63788800000000000000,413.58755800000000000000
linux,node,1,69.42339400000000000000,415.44817200000000000000
linux,node,1,54.01276600000000000000,414.34921800000000000000
linux,node,1,61.10208200000000000000,410.67785500000000000000
linux,node,1,51.51323100000000000000,415.39367600000000000000
linux,node,1,59.28491400000000000000,416.03371900000000000000
linux,node,1,68.38462200000000000000,415.37631400000000000000
linux,node,1,74.68420200000000000000,414.26161000000000000000
linux,node,1,47.16891800000000000000,414.53752300000000000000
linux,node,1,57.29126700000000000000,415.18333100000000000000
linux,node,1,71.72092400000000000000,416.05494600000000000000
linux,node,1,58.49196700000000000000,412.02767400000000000000
linux,node,1,92.90688400000000000000,414.79575900000000000000
linux,node,1,64.62354900000000000000,418.77015400000000000000
linux,node,1,59.91200900000000000000,415.91787200000000000000
linux,node,1,51.26002800000000000000,415.09944300000000000000
linux,node,1,64.05349100000000000000,414.41581700000000000000
linux,node,1,63.74873000000000000000,415.43999900000000000000
linux,node,1,58.78615500000000000000,415.31796800000000000000
linux,node,1,78.34667100000000000000,421.13001500000000000000
linux,node,1,72.08385700000000000000,414.41103700000000000000
linux,node,1,56.38493800000000000000,414.57577300000000000000
linux,node,1,61.74894100000000000000,415.04664900000000000000
linux,node,1,65.30220600000000000000,415.19907200000000000000
linux,node,1,70.01479900000000000000,422.90969200000000000000
linux,node,1,50.30240700000000000000,416.32673100000000000000
linux,node,1,56.77757100000000000000,416.60588500000000000000
linux,node,1,56.14098700000000000000,414.57816600000000000000
linux,node,1,65.71164800000000000000,414.34666400000000000000
linux,node,1,67.11876700000000000000,415.31808000000000000000
linux,node,1,58.69528100000000000000,414.18285800000000000000
linux,node,1,71.38855000000000000000,418.22015900000000000000
linux,node,1,68.19462500000000000000,413.57558300000000000000
linux,node,1,64.73511600000000000000,422.35132900000000000000
linux,node,1,76.75645100000000000000,415.26467000000000000000
linux,node,1,55.19682600000000000000,423.42616200000000000000
linux,node,1,85.13050300000000000000,416.32862000000000000000
linux,node,1,60.85599800000000000000,414.98891300000000000000
linux,node,0,81.28459900000000000000,442.47218900000000000000
linux,node,0,74.18426300000000000000,417.45557000000000000000
linux,node,0,84.37845400000000000000,426.83646200000000000000
linux,node,0,61.46501600000000000000,452.73652300000000000000
linux,node,0,82.35121900000000000000,464.03810000000000000000
linux,node,0,60.89308300000000000000,426.96911100000000000000
linux,node,0,74.39538800000000000000,438.58599000000000000000
linux,node,0,67.09208100000000000000,423.12277800000000000000
linux,node,0,72.30683000000000000000,420.98684900000000000000
linux,node,0,69.28440200000000000000,422.97249900000000000000
linux,node,0,65.48356000000000000000,432.97790000000000000000
linux,node,0,70.94150300000000000000,432.09940900000000000000
linux,node,0,60.22494200000000000000,437.29684500000000000000
linux,node,0,59.96870200000000000000,423.43622400000000000000
linux,node,0,72.17164200000000000000,442.60328200000000000000
linux,node,0,68.97623400000000000000,431.68458600000000000000
linux,node,0,59.39522600000000000000,421.07025700000000000000
linux,node,0,62.72481500000000000000,425.39681700000000000000
linux,node,0,74.89014500000000000000,430.90169300000000000000
linux,node,0,70.86048500000000000000,430.21241800000000000000
linux,node,0,55.42929400000000000000,436.75713100000000000000
linux,node,0,76.54918300000000000000,439.39758900000000000000
linux,node,0,69.63106100000000000000,427.04102300000000000000
linux,node,0,73.39727900000000000000,432.83291900000000000000
linux,node,0,71.48366900000000000000,418.40582100000000000000
linux,node,0,60.08654300000000000000,421.15701500000000000000
linux,node,0,69.57937800000000000000,430.73594600000000000000
linux,node,0,65.15489800000000000000,440.39352400000000000000
linux,node,0,63.01496100000000000000,420.92571100000000000000
linux,node,0,61.91428100000000000000,427.48279900000000000000
linux,node,0,81.95605100000000000000,444.95001500000000000000
linux,node,0,64.27438500000000000000,428.47681300000000000000
linux,node,0,54.49375700000000000000,420.12874900000000000000
linux,node,0,71.01709000000000000000,460.74681200000000000000
linux,node,0,61.51969200000000000000,417.99105400000000000000
linux,node,0,65.84764700000000000000,436.87028600000000000000
linux,node,0,65.63631500000000000000,438.60611000000000000000
linux,node,0,57.21079000000000000000,421.51507500000000000000
linux,node,0,78.53337100000000000000,415.82135200000000000000
linux,node,0,54.26210700000000000000,428.04273700000000000000
linux,node,0,56.91536600000000000000,446.71168100000000000000
linux,node,0,52.81537900000000000000,422.86868500000000000000
linux,node,0,70.02844500000000000000,438.98784500000000000000
linux,node,0,77.06053700000000000000,428.44042800000000000000
linux,node,0,57.26673000000000000000,457.69845500000000000000
linux,node,0,73.56489900000000000000,444.54910000000000000000
linux,node,0,65.17295000000000000000,461.14753200000000000000
linux,node,0,63.67649900000000000000,419.04259100000000000000
linux,node,0,77.05836200000000000000,432.86285700000000000000
linux,node,0,66.11419600000000000000,422.88891700000000000000
linux,node,0,68.73862900000000000000,422.75449200000000000000
linux,node,0,65.24280000000000000000,437.93642200000000000000
linux,node,0,61.82146700000000000000,427.91457000000000000000
linux,node,0,53.61656000000000000000,423.20048400000000000000
linux,node,0,75.23973200000000000000,434.99651000000000000000
linux,node,0,62.10487600000000000000,423.89035600000000000000
linux,node,0,68.09623100000000000000,436.61650600000000000000
linux,node,0,57.08780200000000000000,443.51005300000000000000
linux,node,0,69.46680100000000000000,422.63416000000000000000
linux,node,0,64.37616100000000000000,431.99592100000000000000
linux,node,0,76.02601800000000000000,427.72545500000000000000
linux,node,0,67.82388500000000000000,439.38484100000000000000
linux,node,0,59.13772900000000000000,415.55189300000000000000
linux,node,0,57.97238600000000000000,445.56380800000000000000
linux,node,0,64.70037000000000000000,437.32552900000000000000
linux,node,0,59.28935200000000000000,431.21867000000000000000
linux,node,0,52.60416300000000000000,437.55144500000000000000
linux,node,0,74.80272500000000000000,433.72291200000000000000
linux,node,0,61.26805400000000000000,415.91834700000000000000
linux,node,0,57.19112600000000000000,425.68952800000000000000
linux,node,0,74.74398500000000000000,431.94316300000000000000
linux,node,0,52.63379700000000000000,435.05577600000000000000
linux,node,0,81.48437900000000000000,423.33079500000000000000
linux,node,0,56.72077600000000000000,446.09711900000000000000
linux,node,0,64.64420200000000000000,439.87796900000000000000
linux,node,0,68.63786500000000000000,429.14675800000000000000
linux,node,0,57.51779700000000000000,425.50574500000000000000
linux,node,0,63.55404500000000000000,431.07444500000000000000
linux,node,0,79.69211300000000000000,435.36584200000000000000
linux,node,0,61.66337400000000000000,417.24401200000000000000
linux,node,0,63.19444500000000000000,419.84857500000000000000
linux,node,0,55.03235000000000000000,424.63709400000000000000
linux,node,0,64.55031000000000000000,429.92802400000000000000
linux,node,0,64.59236700000000000000,433.02950300000000000000
linux,node,0,62.04326400000000000000,424.71175500000000000000
linux,node,0,69.42375800000000000000,418.12804100000000000000
linux,node,0,63.20651800000000000000,454.50410700000000000000
linux,node,0,64.29185200000000000000,427.26039400000000000000
linux,node,0,84.20489500000000000000,424.33343100000000000000
linux,node,0,76.96544100000000000000,418.82573000000000000000
linux,node,0,78.37798900000000000000,429.52535400000000000000
linux,node,0,82.96713700000000000000,416.96395300000000000000
linux,node,0,73.48785800000000000000,425.07719800000000000000
linux,node,0,76.99007200000000000000,451.60162500000000000000
linux,node,0,67.54813600000000000000,437.81423300000000000000
linux,node,0,64.65327800000000000000,430.87588300000000000000
linux,node,0,73.16546600000000000000,438.33764900000000000000
linux,node,0,72.47249000000000000000,436.26207000000000000000
linux,node,0,87.22061300000000000000,436.70860600000000000000
linux,node,0,59.81802600000000000000,434.38257300000000000000
nanos,go,1,63.76158800000000000000,49.76848400000000000000
nanos,go,1,57.52968700000000000000,42.45496700000000000000
nanos,go,1,51.14424600000000000000,41.54553100000000000000
nanos,go,1,54.75113000000000000000,48.73658000000000000000
nanos,go,1,56.81311500000000000000,41.59544800000000000000
nanos,go,1,56.38461400000000000000,49.42420100000000000000
nanos,go,1,61.20515900000000000000,49.43675400000000000000
nanos,go,1,55.01776300000000000000,42.56472900000000000000
nanos,go,1,40.25871400000000000000,41.14828600000000000000
nanos,go,1,51.45300800000000000000,42.79945700000000000000
nanos,go,1,65.37142100000000000000,48.52373500000000000000
nanos,go,1,55.36714300000000000000,49.14221000000000000000
nanos,go,1,67.71622200000000000000,41.28632600000000000000
nanos,go,1,57.12827000000000000000,42.99977600000000000000
nanos,go,1,57.60185900000000000000,41.97985600000000000000
nanos,go,1,40.37986500000000000000,40.82998200000000000000
nanos,go,1,52.71144600000000000000,49.51250300000000000000
nanos,go,1,57.16114200000000000000,41.83303100000000000000
nanos,go,1,52.95696700000000000000,39.47126100000000000000
nanos,go,1,66.99591200000000000000,48.82400200000000000000
nanos,go,1,52.82980300000000000000,41.61967700000000000000
nanos,go,1,50.92069800000000000000,41.14622000000000000000
nanos,go,1,52.85471200000000000000,49.66543200000000000000
nanos,go,1,52.35559300000000000000,42.56358900000000000000
nanos,go,1,48.79355300000000000000,42.91162100000000000000
nanos,go,1,58.95688600000000000000,40.18629900000000000000
nanos,go,1,56.60520800000000000000,41.74511300000000000000
nanos,go,1,57.06193600000000000000,42.25713100000000000000
nanos,go,1,43.90110000000000000000,42.09906600000000000000
nanos,go,1,48.57693500000000000000,42.58712500000000000000
nanos,go,1,44.24586300000000000000,41.21754900000000000000
nanos,go,1,56.36375000000000000000,39.95975000000000000000
nanos,go,1,54.69275200000000000000,40.70098800000000000000
nanos,go,1,55.53296900000000000000,48.53517600000000000000
nanos,go,1,41.93840100000000000000,40.71534000000000000000
nanos,go,1,43.78743300000000000000,42.01860300000000000000
nanos,go,1,59.14312800000000000000,41.43073700000000000000
nanos,go,1,53.14462500000000000000,42.11519800000000000000
nanos,go,1,61.09419400000000000000,41.83464000000000000000
nanos,go,1,65.05667800000000000000,42.00869700000000000000
nanos,go,1,68.43298500000000000000,43.54478700000000000000
nanos,go,1,60.28890500000000000000,39.14527000000000000000
nanos,go,1,56.92443000000000000000,41.77964900000000000000
nanos,go,1,52.53925100000000000000,40.54231800000000000000
nanos,go,1,56.36751500000000000000,42.76374600000000000000
nanos,go,1,67.26909600000000000000,53.41013900000000000000
nanos,go,1,66.82839700000000000000,41.50292000000000000000
nanos,go,1,58.87305500000000000000,41.91502000000000000000
nanos,go,1,53.25279900000000000000,42.36044900000000000000
nanos,go,1,51.89881500000000000000,41.83641100000000000000
nanos,go,1,50.29344800000000000000,39.99659300000000000000
nanos,go,1,52.75648200000000000000,48.63188700000000000000
nanos,go,1,53.77812400000000000000,41.25776200000000000000
nanos,go,1,56.72030700000000000000,42.87930000000000000000
nanos,go,1,56.52736100000000000000,50.59279800000000000000
nanos,go,1,68.63113700000000000000,42.30512700000000000000
nanos,go,1,57.26790800000000000000,48.51063600000000000000
nanos,go,1,57.11581400000000000000,42.17247600000000000000
nanos,go,1,57.06958100000000000000,49.86355500000000000000
nanos,go,1,64.89505100000000000000,49.24641400000000000000
nanos,go,1,52.93928600000000000000,48.97185400000000000000
nanos,go,1,53.14553400000000000000,41.68144800000000000000
nanos,go,1,60.55873600000000000000,41.36019500000000000000
nanos,go,1,59.11881700000000000000,43.50310000000000000000
nanos,go,1,57.20166400000000000000,49.33544300000000000000
nanos,go,1,56.43774700000000000000,50.05782100000000000000
nanos,go,1,56.46612800000000000000,41.20419800000000000000
nanos,go,1,53.05794600000000000000,42.70477900000000000000
nanos,go,1,69.96464600000000000000,48.96780100000000000000
nanos,go,1,43.28828200000000000000,41.69036600000000000000
nanos,go,1,58.10225100000000000000,42.14688700000000000000
nanos,go,1,46.06219900000000000000,41.01122800000000000000
nanos,go,1,57.34050300000000000000,41.92070700000000000000
nanos,go,1,56.52637600000000000000,41.84130200000000000000
nanos,go,1,54.93246600000000000000,47.69131500000000000000
nanos,go,1,51.63727200000000000000,41.72810500000000000000
nanos,go,1,64.61643000000000000000,49.44480700000000000000
nanos,go,1,75.79254400000000000000,40.76511100000000000000
nanos,go,1,42.76969400000000000000,41.83993200000000000000
nanos,go,1,54.82801300000000000000,40.74518100000000000000
nanos,go,1,56.84002800000000000000,42.03355600000000000000
nanos,go,1,42.67060900000000000000,42.31856300000000000000
nanos,go,1,53.36545400000000000000,41.66835600000000000000
nanos,go,1,51.00913600000000000000,41.29419000000000000000
nanos,go,1,45.00271300000000000000,42.52828200000000000000
nanos,go,1,63.43185600000000000000,41.56290400000000000000
nanos,go,1,53.80512600000000000000,42.44706100000000000000
nanos,go,1,56.26084900000000000000,41.97318300000000000000
nanos,go,1,80.68331600000000000000,50.39463600000000000000
nanos,go,1,61.21586700000000000000,48.70672500000000000000
nanos,go,1,73.49920300000000000000,49.32999600000000000000
nanos,go,1,59.20169000000000000000,41.71076100000000000000
nanos,go,1,52.69774500000000000000,49.68661200000000000000
nanos,go,1,69.19002500000000000000,41.82704100000000000000
nanos,go,1,46.27486300000000000000,42.46504800000000000000
nanos,go,1,56.85653800000000000000,49.67638300000000000000
nanos,go,1,59.91093200000000000000,40.84294500000000000000
nanos,go,1,62.72769100000000000000,41.71294200000000000000
nanos,go,1,64.07564200000000000000,42.82204100000000000000
nanos,go,1,61.08725500000000000000,49.54046600000000000000
nanos,go,0,56.07164200000000000000,48.56677700000000000000
nanos,go,0,39.90719000000000000000,52.66034500000000000000
nanos,go,0,57.12140300000000000000,47.19554700000000000000
nanos,go,0,57.91484100000000000000,49.09003300000000000000
nanos,go,0,70.58536000000000000000,47.52141100000000000000
nanos,go,0,49.53275800000000000000,56.60659900000000000000
nanos,go,0,64.87035400000000000000,55.49341700000000000000
nanos,go,0,57.81619700000000000000,44.58676100000000000000
nanos,go,0,52.43712300000000000000,53.50246500000000000000
nanos,go,0,72.02021400000000000000,48.81840100000000000000
nanos,go,0,50.56770500000000000000,54.23435400000000000000
nanos,go,0,51.46422200000000000000,56.23435600000000000000
nanos,go,0,51.02284500000000000000,52.16279400000000000000
nanos,go,0,51.52280000000000000000,49.54156900000000000000
nanos,go,0,48.85853700000000000000,61.31130200000000000000
nanos,go,0,57.14014800000000000000,47.99988300000000000000
nanos,go,0,49.31599500000000000000,57.51381300000000000000
nanos,go,0,68.19483100000000000000,41.74867100000000000000
nanos,go,0,51.20706800000000000000,57.14987700000000000000
nanos,go,0,62.11465100000000000000,54.07732300000000000000
nanos,go,0,62.61339600000000000000,57.21046000000000000000
nanos,go,0,57.01796200000000000000,48.65459200000000000000
nanos,go,0,52.71224300000000000000,65.82149200000000000000
nanos,go,0,58.33729300000000000000,54.00640000000000000000
nanos,go,0,59.56492100000000000000,63.43736900000000000000
nanos,go,0,69.10730400000000000000,55.65573600000000000000
nanos,go,0,48.60109400000000000000,48.75966800000000000000
nanos,go,0,52.46019800000000000000,48.49923200000000000000
nanos,go,0,61.33833900000000000000,55.68436400000000000000
nanos,go,0,64.92111900000000000000,47.48352100000000000000
nanos,go,0,55.41786600000000000000,55.67395100000000000000
nanos,go,0,81.49551100000000000000,48.76964500000000000000
nanos,go,0,61.17842000000000000000,48.77911700000000000000
nanos,go,0,47.47375100000000000000,55.04038300000000000000
nanos,go,0,65.86765600000000000000,65.18335100000000000000
nanos,go,0,69.42562700000000000000,56.25391900000000000000
nanos,go,0,55.69908600000000000000,62.16807100000000000000
nanos,go,0,63.59959900000000000000,48.75985200000000000000
nanos,go,0,80.90447200000000000000,48.81230600000000000000
nanos,go,0,54.54997400000000000000,51.25968600000000000000
nanos,go,0,48.54339400000000000000,46.79298400000000000000
nanos,go,0,38.77506300000000000000,48.43700600000000000000
nanos,go,0,56.15643300000000000000,52.80674300000000000000
nanos,go,0,77.85201600000000000000,48.51172900000000000000
nanos,go,0,54.46416600000000000000,48.98262300000000000000
nanos,go,0,53.16624500000000000000,47.34332400000000000000
nanos,go,0,51.44967100000000000000,55.03871400000000000000
nanos,go,0,53.84016500000000000000,42.35524000000000000000
nanos,go,0,52.62015500000000000000,70.41254600000000000000
nanos,go,0,61.59382300000000000000,60.60687000000000000000
nanos,go,0,53.79110400000000000000,48.10422100000000000000
nanos,go,0,49.64311400000000000000,52.32401900000000000000
nanos,go,0,72.47061100000000000000,62.79225500000000000000
nanos,go,0,55.39122800000000000000,55.20107600000000000000
nanos,go,0,61.78580700000000000000,55.06154400000000000000
nanos,go,0,71.95199400000000000000,53.83186300000000000000
nanos,go,0,56.10603300000000000000,54.90451000000000000000
nanos,go,0,60.02064200000000000000,64.63712100000000000000
nanos,go,0,52.59019700000000000000,52.96028800000000000000
nanos,go,0,52.33211700000000000000,54.57673900000000000000
nanos,go,0,57.61829400000000000000,48.56907300000000000000
nanos,go,0,72.62486500000000000000,49.01920900000000000000
nanos,go,0,69.79650900000000000000,55.10718600000000000000
nanos,go,0,48.46939100000000000000,57.91991000000000000000
nanos,go,0,51.51496900000000000000,48.05752600000000000000
nanos,go,0,44.60666000000000000000,47.83367400000000000000
nanos,go,0,46.02553200000000000000,49.44880300000000000000
nanos,go,0,44.25739400000000000000,56.91135100000000000000
nanos,go,0,60.13260400000000000000,53.72663600000000000000
nanos,go,0,52.92622700000000000000,49.40674000000000000000
nanos,go,0,36.44527700000000000000,48.54938200000000000000
nanos,go,0,54.76487600000000000000,55.30626100000000000000
nanos,go,0,58.83776000000000000000,52.99864500000000000000
nanos,go,0,69.43411300000000000000,58.84632700000000000000
nanos,go,0,65.58156800000000000000,49.76118400000000000000
nanos,go,0,47.32013200000000000000,48.26614000000000000000
nanos,go,0,60.93621200000000000000,48.51475400000000000000
nanos,go,0,52.31393600000000000000,51.58447000000000000000
nanos,go,0,56.51250800000000000000,66.83850800000000000000
nanos,go,0,44.18841000000000000000,48.93447100000000000000
nanos,go,0,58.68349400000000000000,48.33060100000000000000
nanos,go,0,48.07022400000000000000,60.30113000000000000000
nanos,go,0,63.69932700000000000000,48.57879100000000000000
nanos,go,0,48.51008400000000000000,47.89413600000000000000
nanos,go,0,54.73208900000000000000,61.48202700000000000000
nanos,go,0,46.95945000000000000000,54.01720700000000000000
nanos,go,0,48.41120800000000000000,47.07362700000000000000
nanos,go,0,48.46943700000000000000,59.52452800000000000000
nanos,go,0,64.94665300000000000000,49.44950700000000000000
nanos,go,0,39.21337000000000000000,49.24352400000000000000
nanos,go,0,74.65310800000000000000,51.72424200000000000000
nanos,go,0,45.00916800000000000000,47.57699100000000000000
nanos,go,0,68.71229000000000000000,64.87954700000000000000
nanos,go,0,68.68855500000000000000,63.08291900000000000000
nanos,go,0,51.77817300000000000000,55.53819400000000000000
nanos,go,0,48.93478200000000000000,49.55502200000000000000
nanos,go,0,46.23553800000000000000,47.96972800000000000000
nanos,go,0,65.22144700000000000000,57.40456600000000000000
nanos,go,0,51.71768200000000000000,62.59540500000000000000
nanos,go,0,53.49126500000000000000,49.17875800000000000000
nanos,node,1,71.01081600000000000000,220.18252300000000000000
nanos,node,1,54.86525300000000000000,221.26663500000000000000
nanos,node,1,58.88720300000000000000,230.30045500000000000000
nanos,node,1,64.89904800000000000000,221.13393900000000000000
nanos,node,1,51.49980200000000000000,223.06862600000000000000
nanos,node,1,53.28880200000000000000,224.68982100000000000000
nanos,node,1,44.09298700000000000000,224.28828600000000000000
nanos,node,1,44.25476700000000000000,223.19840100000000000000
nanos,node,1,56.79508700000000000000,230.02326600000000000000
nanos,node,1,48.22935200000000000000,224.08786000000000000000
nanos,node,1,64.40006200000000000000,229.28227000000000000000
nanos,node,1,52.90851500000000000000,221.57321500000000000000
nanos,node,1,61.36808100000000000000,222.92708500000000000000
nanos,node,1,41.81267100000000000000,230.56587200000000000000
nanos,node,1,56.53489500000000000000,228.81931600000000000000
nanos,node,1,61.18555500000000000000,222.14028200000000000000
nanos,node,1,47.23972300000000000000,222.86198900000000000000
nanos,node,1,57.31123600000000000000,224.05168300000000000000
nanos,node,1,48.16741500000000000000,229.74410900000000000000
nanos,node,1,61.48662200000000000000,222.23823700000000000000
nanos,node,1,61.18491900000000000000,222.49797600000000000000
nanos,node,1,53.01863700000000000000,230.20403500000000000000
nanos,node,1,52.69830500000000000000,224.22413200000000000000
nanos,node,1,57.09394000000000000000,223.64983600000000000000
nanos,node,1,57.18101900000000000000,225.42323300000000000000
nanos,node,1,56.39058800000000000000,230.97286600000000000000
nanos,node,1,53.94360800000000000000,220.90478400000000000000
nanos,node,1,52.04471100000000000000,222.81397400000000000000
nanos,node,1,61.23102800000000000000,223.39924100000000000000
nanos,node,1,52.95660200000000000000,221.97489400000000000000
nanos,node,1,41.25250800000000000000,227.88085800000000000000
nanos,node,1,50.33658100000000000000,221.42321400000000000000
nanos,node,1,52.71816800000000000000,221.62036100000000000000
nanos,node,1,52.98565700000000000000,230.12276600000000000000
nanos,node,1,48.18918900000000000000,226.77633500000000000000
nanos,node,1,76.96539800000000000000,221.48310300000000000000
nanos,node,1,68.17745900000000000000,221.39542400000000000000
nanos,node,1,53.16650300000000000000,221.52341400000000000000
nanos,node,1,71.76663800000000000000,221.23640300000000000000
nanos,node,1,48.51645500000000000000,220.39145800000000000000
nanos,node,1,52.70802200000000000000,221.97747600000000000000
nanos,node,1,52.64109000000000000000,224.06838000000000000000
nanos,node,1,57.24251600000000000000,221.92132700000000000000
nanos,node,1,69.54901300000000000000,221.61790100000000000000
nanos,node,1,55.52837300000000000000,222.87885800000000000000
nanos,node,1,61.93814400000000000000,223.95782100000000000000
nanos,node,1,57.39940500000000000000,221.10306600000000000000
nanos,node,1,61.64740300000000000000,230.11501500000000000000
nanos,node,1,52.32538400000000000000,222.04196800000000000000
nanos,node,1,65.40884800000000000000,223.63922700000000000000
nanos,node,1,53.35439400000000000000,221.30485500000000000000
nanos,node,1,51.86438500000000000000,222.17522400000000000000
nanos,node,1,64.61941500000000000000,230.44627700000000000000
nanos,node,1,56.46168600000000000000,222.93368700000000000000
nanos,node,1,60.72661300000000000000,220.66600900000000000000
nanos,node,1,52.56192000000000000000,221.83122200000000000000
nanos,node,1,47.11350700000000000000,231.97366400000000000000
nanos,node,1,61.62197800000000000000,230.20270300000000000000
nanos,node,1,58.79670600000000000000,219.98583200000000000000
nanos,node,1,60.25414700000000000000,222.84615200000000000000
nanos,node,1,65.51885400000000000000,222.64006100000000000000
nanos,node,1,45.22881600000000000000,220.72046400000000000000
nanos,node,1,57.20848100000000000000,222.76136300000000000000
nanos,node,1,69.01788100000000000000,222.85474300000000000000
nanos,node,1,52.75585600000000000000,225.43768100000000000000
nanos,node,1,72.87596400000000000000,222.21333800000000000000
nanos,node,1,56.56925400000000000000,221.85346500000000000000
nanos,node,1,59.52303400000000000000,223.73625100000000000000
nanos,node,1,61.28008900000000000000,222.27972700000000000000
nanos,node,1,56.60964600000000000000,221.76458100000000000000
nanos,node,1,50.53274400000000000000,221.95497300000000000000
nanos,node,1,40.36352800000000000000,230.59735100000000000000
nanos,node,1,52.75147600000000000000,222.38435300000000000000
nanos,node,1,40.60012400000000000000,224.52272500000000000000
nanos,node,1,55.01725600000000000000,222.20438100000000000000
nanos,node,1,60.96432400000000000000,221.61008800000000000000
nanos,node,1,78.24833100000000000000,228.40138900000000000000
nanos,node,1,56.53530400000000000000,221.28938600000000000000
nanos,node,1,56.14900900000000000000,223.63439400000000000000
nanos,node,1,63.25866500000000000000,223.17947700000000000000
nanos,node,1,49.01529300000000000000,223.40060600000000000000
nanos,node,1,63.16080600000000000000,222.77263700000000000000
nanos,node,1,56.53176400000000000000,222.35856700000000000000
nanos,node,1,52.96734500000000000000,220.40581400000000000000
nanos,node,1,76.82291200000000000000,230.70551200000000000000
nanos,node,1,48.31829100000000000000,221.32060900000000000000
nanos,node,1,77.17901300000000000000,221.93431300000000000000
nanos,node,1,52.93808200000000000000,222.10006900000000000000
nanos,node,1,52.88464300000000000000,221.84223800000000000000
nanos,node,1,58.54418500000000000000,220.56401800000000000000
nanos,node,1,60.00340100000000000000,222.80556400000000000000
nanos,node,1,64.47669200000000000000,220.82927100000000000000
nanos,node,1,52.35098200000000000000,221.54175600000000000000
nanos,node,1,58.75278200000000000000,221.47292300000000000000
nanos,node,1,58.90352900000000000000,220.22922200000000000000
nanos,node,1,55.02383900000000000000,225.64751000000000000000
nanos,node,1,52.09346800000000000000,220.27256500000000000000
nanos,node,1,53.02845400000000000000,228.60699800000000000000
nanos,node,1,60.29012000000000000000,219.69343800000000000000
nanos,node,1,40.18796800000000000000,221.26956300000000000000
nanos,node,0,69.13203000000000000000,266.51189500000000000000
nanos,node,0,52.72212900000000000000,227.25145100000000000000
nanos,node,0,47.29734400000000000000,270.56855800000000000000
nanos,node,0,53.85651800000000000000,260.14912100000000000000
nanos,node,0,57.14918100000000000000,258.01673300000000000000
nanos,node,0,39.08063100000000000000,259.47624600000000000000
nanos,node,0,64.79314500000000000000,228.46637800000000000000
nanos,node,0,56.62234800000000000000,227.80910500000000000000
nanos,node,0,54.45087600000000000000,252.90400500000000000000
nanos,node,0,48.88925000000000000000,233.79865200000000000000
nanos,node,0,48.80228000000000000000,256.12614100000000000000
nanos,node,0,44.41787200000000000000,273.21189000000000000000
nanos,node,0,47.88935300000000000000,244.96642000000000000000
nanos,node,0,58.38021400000000000000,228.10688400000000000000
nanos,node,0,47.51607100000000000000,229.38455300000000000000
nanos,node,0,48.70675300000000000000,238.75877200000000000000
nanos,node,0,61.63377600000000000000,260.70440100000000000000
nanos,node,0,54.75680400000000000000,254.09512500000000000000
nanos,node,0,74.94260800000000000000,236.01073200000000000000
nanos,node,0,63.30165100000000000000,227.92744600000000000000
nanos,node,0,55.93014200000000000000,273.36246100000000000000
nanos,node,0,36.73282100000000000000,228.39901800000000000000
nanos,node,0,59.56080000000000000000,262.52914800000000000000
nanos,node,0,50.03049900000000000000,270.58501200000000000000
nanos,node,0,76.85022400000000000000,233.26152900000000000000
nanos,node,0,79.00452200000000000000,267.21153900000000000000
nanos,node,0,61.45883700000000000000,267.28513000000000000000
nanos,node,0,56.57870100000000000000,258.48028500000000000000
nanos,node,0,52.40091800000000000000,270.70333300000000000000
nanos,node,0,74.52200700000000000000,245.23127200000000000000
nanos,node,0,66.60407300000000000000,234.58974300000000000000
nanos,node,0,44.06381300000000000000,233.85387200000000000000
nanos,node,0,45.84278000000000000000,238.56058700000000000000
nanos,node,0,58.06669300000000000000,264.36083800000000000000
nanos,node,0,40.62457600000000000000,233.72113900000000000000
nanos,node,0,68.56417700000000000000,276.44402500000000000000
nanos,node,0,63.21834900000000000000,243.69876600000000000000
nanos,node,0,44.64999500000000000000,275.04617000000000000000
nanos,node,0,46.75144700000000000000,268.13646300000000000000
nanos,node,0,57.86709800000000000000,255.34263200000000000000
nanos,node,0,55.86640900000000000000,252.27665300000000000000
nanos,node,0,38.70804200000000000000,227.18074500000000000000
nanos,node,0,67.27021400000000000000,261.16210800000000000000
nanos,node,0,75.91269100000000000000,266.80191300000000000000
nanos,node,0,50.79941500000000000000,238.91787900000000000000
nanos,node,0,72.63460100000000000000,253.65443700000000000000
nanos,node,0,70.90650100000000000000,252.28134300000000000000
nanos,node,0,50.71572200000000000000,232.01266800000000000000
nanos,node,0,49.17471200000000000000,246.76966700000000000000
nanos,node,0,51.87719000000000000000,257.69308400000000000000
nanos,node,0,65.78912000000000000000,252.92568300000000000000
nanos,node,0,64.30787000000000000000,264.88653600000000000000
nanos,node,0,53.76521600000000000000,248.51198200000000000000
nanos,node,0,50.31239700000000000000,249.39221600000000000000
nanos,node,0,46.31652300000000000000,261.78621700000000000000
nanos,node,0,56.46641900000000000000,229.09973800000000000000
nanos,node,0,64.03415300000000000000,255.87748300000000000000
nanos,node,0,57.55573500000000000000,267.14127000000000000000
nanos,node,0,57.41075100000000000000,233.91208700000000000000
nanos,node,0,43.48891000000000000000,231.57008300000000000000
nanos,node,0,56.57791300000000000000,249.96955900000000000000
nanos,node,0,64.23772900000000000000,232.44138500000000000000
nanos,node,0,65.14253500000000000000,228.05748700000000000000
nanos,node,0,53.46249600000000000000,230.75333900000000000000
nanos,node,0,67.77580400000000000000,236.28935000000000000000
nanos,node,0,61.46310700000000000000,246.81441700000000000000
nanos,node,0,46.59692400000000000000,226.82750400000000000000
nanos,node,0,69.01542900000000000000,261.74175400000000000000
nanos,node,0,66.70668900000000000000,261.75201000000000000000
nanos,node,0,69.36582500000000000000,268.17284700000000000000
nanos,node,0,42.92380400000000000000,228.26609900000000000000
nanos,node,0,66.99707700000000000000,261.81067200000000000000
nanos,node,0,72.95152800000000000000,250.57396200000000000000
nanos,node,0,77.27497400000000000000,228.66792100000000000000
nanos,node,0,59.18672800000000000000,253.17541100000000000000
nanos,node,0,60.78132100000000000000,251.84066100000000000000
nanos,node,0,60.45239200000000000000,233.71661600000000000000
nanos,node,0,59.13029800000000000000,266.01861800000000000000
nanos,node,0,57.53580500000000000000,255.43980200000000000000
nanos,node,0,53.50706400000000000000,227.57343900000000000000
nanos,node,0,53.67411000000000000000,226.91828100000000000000
nanos,node,0,52.67839300000000000000,250.17674700000000000000
nanos,node,0,65.41713600000000000000,227.12819900000000000000
nanos,node,0,60.63563600000000000000,254.54732000000000000000
nanos,node,0,48.31120800000000000000,239.46160500000000000000
nanos,node,0,55.16536300000000000000,229.73319500000000000000
nanos,node,0,52.36862300000000000000,229.33134700000000000000
nanos,node,0,44.52755200000000000000,237.75635500000000000000
nanos,node,0,42.79687400000000000000,260.03063700000000000000
nanos,node,0,57.94274600000000000000,228.67229800000000000000
nanos,node,0,53.04998000000000000000,260.20986100000000000000
nanos,node,0,37.58314700000000000000,228.07506000000000000000
nanos,node,0,63.39617300000000000000,235.08882500000000000000
nanos,node,0,44.34173100000000000000,254.10874300000000000000
nanos,node,0,54.16268200000000000000,246.60093400000000000000
nanos,node,0,52.75837100000000000000,227.49426000000000000000
nanos,node,0,47.74419100000000000000,263.40930300000000000000
nanos,node,0,48.26991000000000000000,276.06716500000000000000
nanos,node,0,53.53737900000000000000,227.61908200000000000000
nanos,node,0,47.12755600000000000000,227.63203300000000000000
osv,go,1,52.98919300000000000000,45.61367100000000000000
osv,go,1,56.27810900000000000000,45.00668200000000000000
osv,go,1,56.15679500000000000000,45.89958200000000000000
osv,go,1,43.93658600000000000000,45.37955900000000000000
osv,go,1,66.68439700000000000000,53.77385200000000000000
osv,go,1,41.31953400000000000000,52.23077500000000000000
osv,go,1,44.66771900000000000000,46.06386000000000000000
osv,go,1,47.62400400000000000000,45.87862600000000000000
osv,go,1,39.66109300000000000000,43.98279600000000000000
osv,go,1,58.08340100000000000000,45.35162800000000000000
osv,go,1,54.39797600000000000000,44.15672100000000000000
osv,go,1,54.48013200000000000000,44.39769700000000000000
osv,go,1,43.52178300000000000000,42.79450300000000000000
osv,go,1,39.68128400000000000000,44.71039300000000000000
osv,go,1,48.48868100000000000000,44.25872400000000000000
osv,go,1,55.51469100000000000000,45.21571300000000000000
osv,go,1,51.77510400000000000000,45.14935500000000000000
osv,go,1,53.50959800000000000000,44.67328700000000000000
osv,go,1,54.01298500000000000000,45.43670200000000000000
osv,go,1,69.53823000000000000000,44.88231600000000000000
osv,go,1,62.08406300000000000000,44.55124000000000000000
osv,go,1,52.28699700000000000000,51.92412200000000000000
osv,go,1,48.06625000000000000000,44.43967900000000000000
osv,go,1,71.97879000000000000000,53.12716100000000000000
osv,go,1,54.63225500000000000000,45.00808900000000000000
osv,go,1,47.02609900000000000000,44.91281800000000000000
osv,go,1,61.22367100000000000000,53.25239300000000000000
osv,go,1,59.45075000000000000000,43.82599800000000000000
osv,go,1,52.47064500000000000000,44.29581800000000000000
osv,go,1,46.66234900000000000000,45.15778400000000000000
osv,go,1,64.50537100000000000000,45.44657500000000000000
osv,go,1,51.98406300000000000000,44.78559700000000000000
osv,go,1,52.77309400000000000000,45.48658600000000000000
osv,go,1,54.12542400000000000000,51.39391300000000000000
osv,go,1,52.99259900000000000000,45.56715000000000000000
osv,go,1,48.68987000000000000000,45.41468500000000000000
osv,go,1,54.95654700000000000000,45.55896200000000000000
osv,go,1,50.69848500000000000000,53.98457000000000000000
osv,go,1,56.81473800000000000000,45.13014700000000000000
osv,go,1,46.82990300000000000000,52.91272100000000000000
osv,go,1,56.59125700000000000000,45.16868500000000000000
osv,go,1,64.69268900000000000000,53.42848400000000000000
osv,go,1,39.02278000000000000000,44.68125500000000000000
osv,go,1,72.28054400000000000000,53.33616400000000000000
osv,go,1,52.88916700000000000000,44.80793000000000000000
osv,go,1,55.65120700000000000000,53.21615700000000000000
osv,go,1,53.17982900000000000000,44.42775800000000000000
osv,go,1,72.81286500000000000000,44.52534100000000000000
osv,go,1,44.95216000000000000000,51.02939100000000000000
osv,go,1,51.37603700000000000000,53.49206300000000000000
osv,go,1,47.84835500000000000000,44.48886900000000000000
osv,go,1,55.51845600000000000000,53.58331200000000000000
osv,go,1,60.08010400000000000000,45.17379800000000000000
osv,go,1,49.99351900000000000000,45.48832900000000000000
osv,go,1,56.77473100000000000000,53.05807100000000000000
osv,go,1,54.23999400000000000000,44.30747400000000000000
osv,go,1,50.91316800000000000000,52.53592600000000000000
osv,go,1,69.18838000000000000000,45.16803400000000000000
osv,go,1,49.37526900000000000000,44.87135100000000000000
osv,go,1,60.60396700000000000000,45.23011700000000000000
osv,go,1,43.21856000000000000000,45.19880300000000000000
osv,go,1,59.27944200000000000000,44.86592000000000000000
osv,go,1,42.31952000000000000000,45.05425000000000000000
osv,go,1,47.77917100000000000000,53.19557400000000000000
osv,go,1,39.73515100000000000000,44.97008100000000000000
osv,go,1,57.16163900000000000000,45.02238600000000000000
osv,go,1,42.89034800000000000000,51.08057500000000000000
osv,go,1,62.22134900000000000000,44.40925500000000000000
osv,go,1,60.43049400000000000000,44.04305300000000000000
osv,go,1,68.12778100000000000000,44.01478400000000000000
osv,go,1,51.02167200000000000000,44.97810000000000000000
osv,go,1,60.20796900000000000000,52.99343700000000000000
osv,go,1,57.42374700000000000000,44.99098600000000000000
osv,go,1,59.79386600000000000000,42.40648100000000000000
osv,go,1,52.40504700000000000000,45.47416200000000000000
osv,go,1,55.15467700000000000000,44.72099800000000000000
osv,go,1,44.99559300000000000000,44.82994100000000000000
osv,go,1,43.47606900000000000000,53.30675700000000000000
osv,go,1,58.04243200000000000000,45.11007400000000000000
osv,go,1,52.00257300000000000000,45.51398700000000000000
osv,go,1,43.01220000000000000000,43.91414900000000000000
osv,go,1,58.49993400000000000000,53.98271000000000000000
osv,go,1,74.39325200000000000000,53.50595000000000000000
osv,go,1,60.86768000000000000000,43.49025700000000000000
osv,go,1,40.41414500000000000000,44.83649600000000000000
osv,go,1,60.37985400000000000000,41.90201000000000000000
osv,go,1,55.79778300000000000000,44.85867500000000000000
osv,go,1,59.81043600000000000000,53.55253500000000000000
osv,go,1,58.44842800000000000000,53.75127700000000000000
osv,go,1,65.71533300000000000000,52.82540400000000000000
osv,go,1,67.66162000000000000000,45.14105100000000000000
osv,go,1,42.81232000000000000000,45.32051900000000000000
osv,go,1,56.81273200000000000000,54.35342700000000000000
osv,go,1,55.35063000000000000000,54.60931400000000000000
osv,go,1,70.70550400000000000000,45.05222400000000000000
osv,go,1,61.87634000000000000000,45.32153500000000000000
osv,go,1,62.45757400000000000000,44.83795500000000000000
osv,go,1,58.24661300000000000000,54.28595600000000000000
osv,go,1,50.82137000000000000000,44.97706000000000000000
osv,go,1,68.71113700000000000000,44.95778800000000000000
osv,go,0,48.30829500000000000000,55.76856400000000000000
osv,go,0,66.84240300000000000000,54.36637500000000000000
osv,go,0,46.79721400000000000000,55.12654800000000000000
osv,go,0,60.80602800000000000000,63.49916700000000000000
osv,go,0,56.71992500000000000000,54.49362600000000000000
osv,go,0,45.67651900000000000000,63.78514300000000000000
osv,go,0,51.52934100000000000000,59.30900300000000000000
osv,go,0,55.79813100000000000000,55.16894700000000000000
osv,go,0,44.24750400000000000000,55.42415600000000000000
osv,go,0,55.18644900000000000000,72.06482900000000000000
osv,go,0,50.42415500000000000000,71.49400100000000000000
osv,go,0,60.34891700000000000000,54.88304200000000000000
osv,go,0,61.79541500000000000000,67.39431600000000000000
osv,go,0,60.35409900000000000000,63.88763800000000000000
osv,go,0,56.86967700000000000000,62.16690800000000000000
osv,go,0,71.11920500000000000000,54.81179700000000000000
osv,go,0,60.75178900000000000000,62.76509300000000000000
osv,go,0,42.90778500000000000000,55.30740000000000000000
osv,go,0,43.65487900000000000000,67.95941800000000000000
osv,go,0,60.30869200000000000000,45.14838000000000000000
osv,go,0,68.72057200000000000000,54.74044200000000000000
osv,go,0,54.45981600000000000000,63.75153400000000000000
osv,go,0,60.66800800000000000000,69.34936700000000000000
osv,go,0,45.76308100000000000000,64.73870000000000000000
osv,go,0,51.64480300000000000000,55.32714300000000000000
osv,go,0,35.54742600000000000000,55.36796800000000000000
osv,go,0,56.25391800000000000000,55.55857200000000000000
osv,go,0,50.96999100000000000000,63.80567400000000000000
osv,go,0,53.55313600000000000000,66.86091600000000000000
osv,go,0,52.73929400000000000000,54.57186500000000000000
osv,go,0,53.54237400000000000000,60.82426600000000000000
osv,go,0,58.34437000000000000000,68.06758900000000000000
osv,go,0,53.87428600000000000000,53.79953300000000000000
osv,go,0,56.63292800000000000000,52.66980100000000000000
osv,go,0,51.46551000000000000000,63.19166300000000000000
osv,go,0,59.53581500000000000000,65.71018300000000000000
osv,go,0,50.38115600000000000000,65.93328400000000000000
osv,go,0,64.95831000000000000000,64.15625200000000000000
osv,go,0,72.36644000000000000000,54.28695800000000000000
osv,go,0,74.15693800000000000000,42.83903300000000000000
osv,go,0,65.77393600000000000000,64.45544800000000000000
osv,go,0,64.29877200000000000000,66.38416900000000000000
osv,go,0,44.84303800000000000000,55.46465800000000000000
osv,go,0,73.72316200000000000000,54.47682800000000000000
osv,go,0,55.93352500000000000000,44.75300600000000000000
osv,go,0,50.73195700000000000000,55.70517100000000000000
osv,go,0,71.41755300000000000000,76.02138100000000000000
osv,go,0,62.28460300000000000000,54.14859500000000000000
osv,go,0,54.17959400000000000000,55.33127100000000000000
osv,go,0,38.43179400000000000000,54.94316300000000000000
osv,go,0,45.01296500000000000000,56.34576900000000000000
osv,go,0,65.80606500000000000000,68.11886900000000000000
osv,go,0,61.25118500000000000000,53.90013200000000000000
osv,go,0,61.25746300000000000000,76.13382800000000000000
osv,go,0,59.13696300000000000000,62.92129500000000000000
osv,go,0,71.96379700000000000000,68.40526500000000000000
osv,go,0,47.41695000000000000000,45.22761300000000000000
osv,go,0,69.55634200000000000000,64.99401900000000000000
osv,go,0,42.51892500000000000000,67.14443000000000000000
osv,go,0,56.56670300000000000000,55.89658100000000000000
osv,go,0,68.52942100000000000000,64.05100400000000000000
osv,go,0,55.20364700000000000000,55.58889400000000000000
osv,go,0,43.67847800000000000000,55.68254000000000000000
osv,go,0,47.41721900000000000000,63.11987100000000000000
osv,go,0,56.64489100000000000000,68.95097200000000000000
osv,go,0,57.66031900000000000000,56.00762900000000000000
osv,go,0,51.74678800000000000000,49.28465600000000000000
osv,go,0,53.17262500000000000000,64.25423900000000000000
osv,go,0,60.42429600000000000000,61.41619800000000000000
osv,go,0,51.37274800000000000000,65.12104300000000000000
osv,go,0,70.91128900000000000000,63.54434400000000000000
osv,go,0,49.24867200000000000000,70.90713000000000000000
osv,go,0,52.49458900000000000000,62.24520100000000000000
osv,go,0,65.31310600000000000000,55.30125100000000000000
osv,go,0,57.08455200000000000000,55.26306600000000000000
osv,go,0,45.68306200000000000000,65.77803700000000000000
osv,go,0,57.10220500000000000000,53.38803900000000000000
osv,go,0,48.23168700000000000000,56.79995600000000000000
osv,go,0,48.66795000000000000000,72.61002700000000000000
osv,go,0,62.88711700000000000000,63.74094900000000000000
osv,go,0,54.09869900000000000000,62.70163500000000000000
osv,go,0,44.26451900000000000000,63.73234300000000000000
osv,go,0,53.10366400000000000000,54.66346000000000000000
osv,go,0,61.21516400000000000000,72.48740100000000000000
osv,go,0,61.44609100000000000000,71.62755200000000000000
osv,go,0,67.94175500000000000000,71.76176600000000000000
osv,go,0,55.94487300000000000000,58.10960100000000000000
osv,go,0,50.96533000000000000000,53.25022000000000000000
osv,go,0,50.06744700000000000000,54.71756700000000000000
osv,go,0,50.62084400000000000000,63.13972500000000000000
osv,go,0,53.11851600000000000000,70.00010300000000000000
osv,go,0,58.66132700000000000000,54.99692500000000000000
osv,go,0,58.36136400000000000000,53.96532700000000000000
osv,go,0,56.53019600000000000000,66.24930200000000000000
osv,go,0,47.54477900000000000000,65.58850500000000000000
osv,go,0,48.04755900000000000000,63.26430500000000000000
osv,go,0,65.79508900000000000000,63.82530300000000000000
osv,go,0,42.81631400000000000000,53.41225500000000000000
osv,go,0,39.15915600000000000000,55.39913500000000000000
osv,go,0,50.79671200000000000000,61.49582700000000000000
osv,node,1,55.31420000000000000000,214.24709800000000000000
osv,node,1,49.16876300000000000000,205.63660300000000000000
osv,node,1,46.61548100000000000000,204.87604200000000000000
osv,node,1,55.25153100000000000000,215.86992300000000000000
osv,node,1,39.27512000000000000000,210.98384600000000000000
osv,node,1,40.19498900000000000000,216.03111000000000000000
osv,node,1,56.03969800000000000000,205.73136600000000000000
osv,node,1,52.12001000000000000000,202.82015700000000000000
osv,node,1,42.93271900000000000000,205.36872600000000000000
osv,node,1,68.44533900000000000000,213.09425100000000000000
osv,node,1,66.64934700000000000000,204.15586000000000000000
osv,node,1,92.30710000000000000000,215.81690700000000000000
osv,node,1,60.69999900000000000000,201.48680700000000000000
osv,node,1,54.36789100000000000000,214.53849400000000000000
osv,node,1,46.94072700000000000000,202.76507600000000000000
osv,node,1,61.43601500000000000000,204.43282100000000000000
osv,node,1,52.57677800000000000000,205.92077700000000000000
osv,node,1,62.58988200000000000000,205.63627900000000000000
osv,node,1,51.62562600000000000000,206.20095400000000000000
osv,node,1,60.80222000000000000000,215.77432900000000000000
osv,node,1,53.86202200000000000000,208.32513700000000000000
osv,node,1,70.91055500000000000000,215.17963300000000000000
osv,node,1,45.74779300000000000000,207.29842300000000000000
osv,node,1,54.10013500000000000000,199.98874200000000000000
osv,node,1,58.51775700000000000000,201.30318000000000000000
osv,node,1,67.93525500000000000000,205.10314500000000000000
osv,node,1,64.44225500000000000000,206.85206500000000000000
osv,node,1,61.20643900000000000000,204.95289000000000000000
osv,node,1,48.21627800000000000000,215.51240800000000000000
osv,node,1,54.73282200000000000000,213.13202600000000000000
osv,node,1,65.57334800000000000000,215.51920000000000000000
osv,node,1,48.42020200000000000000,214.72781500000000000000
osv,node,1,45.71602300000000000000,203.72807100000000000000
osv,node,1,38.15996700000000000000,212.45050600000000000000
osv,node,1,49.77207200000000000000,214.11352700000000000000
osv,node,1,49.70009700000000000000,206.53744900000000000000
osv,node,1,43.46195700000000000000,204.30682100000000000000
osv,node,1,61.01758900000000000000,204.50742700000000000000
osv,node,1,61.86897700000000000000,203.90409600000000000000
osv,node,1,46.84901400000000000000,215.00855500000000000000
osv,node,1,57.04566700000000000000,207.51103100000000000000
osv,node,1,50.94161000000000000000,206.02148500000000000000
osv,node,1,45.06336300000000000000,204.68952100000000000000
osv,node,1,48.80244800000000000000,204.07646600000000000000
osv,node,1,50.87266800000000000000,211.87503800000000000000
osv,node,1,63.25025200000000000000,215.15340900000000000000
osv,node,1,61.22125500000000000000,214.70275200000000000000
osv,node,1,47.26143900000000000000,206.23495000000000000000
osv,node,1,50.51466400000000000000,213.42379400000000000000
osv,node,1,51.46150600000000000000,205.29697400000000000000
osv,node,1,49.20140800000000000000,212.95844900000000000000
osv,node,1,65.37016700000000000000,213.60182700000000000000
osv,node,1,47.29782600000000000000,205.51207600000000000000
osv,node,1,57.24267700000000000000,200.30606400000000000000
osv,node,1,53.56498900000000000000,202.55374900000000000000
osv,node,1,60.95876600000000000000,213.79740100000000000000
osv,node,1,47.56406000000000000000,202.15245300000000000000
osv,node,1,43.79032500000000000000,206.46006500000000000000
osv,node,1,55.99718000000000000000,204.97300000000000000000
osv,node,1,60.18441400000000000000,212.74194200000000000000
osv,node,1,47.95189200000000000000,204.70598700000000000000
osv,node,1,46.01790900000000000000,205.09500300000000000000
osv,node,1,91.27126500000000000000,211.28875300000000000000
osv,node,1,42.49792100000000000000,205.13469300000000000000
osv,node,1,52.87811900000000000000,206.84320400000000000000
osv,node,1,75.66651100000000000000,205.66880600000000000000
osv,node,1,46.96352600000000000000,206.19407600000000000000
osv,node,1,58.04587000000000000000,205.61855400000000000000
osv,node,1,64.64438700000000000000,214.21306300000000000000
osv,node,1,53.95831200000000000000,206.64753400000000000000
osv,node,1,39.09206700000000000000,205.79483700000000000000
osv,node,1,40.41005300000000000000,206.31543800000000000000
osv,node,1,50.13138300000000000000,203.22106700000000000000
osv,node,1,46.35542800000000000000,211.22136700000000000000
osv,node,1,49.98304300000000000000,204.16997600000000000000
osv,node,1,71.27493600000000000000,204.46824500000000000000
osv,node,1,57.95476700000000000000,205.03982600000000000000
osv,node,1,62.19768800000000000000,198.83365100000000000000
osv,node,1,71.50269800000000000000,203.26043900000000000000
osv,node,1,54.56147700000000000000,205.99963200000000000000
osv,node,1,60.51351600000000000000,204.56024500000000000000
osv,node,1,77.10073100000000000000,206.07118100000000000000
osv,node,1,59.99500100000000000000,213.00439200000000000000
osv,node,1,51.31204300000000000000,219.78070500000000000000
osv,node,1,57.93089700000000000000,212.59319800000000000000
osv,node,1,36.62562100000000000000,204.07324100000000000000
osv,node,1,61.69112700000000000000,211.28106700000000000000
osv,node,1,60.98586600000000000000,205.50420900000000000000
osv,node,1,62.20813200000000000000,203.10454000000000000000
osv,node,1,48.11851000000000000000,213.83420900000000000000
osv,node,1,58.64496600000000000000,204.86954200000000000000
osv,node,1,47.29104200000000000000,201.10246000000000000000
osv,node,1,47.37483800000000000000,204.24289700000000000000
osv,node,1,72.48949900000000000000,206.83626600000000000000
osv,node,1,79.07051500000000000000,206.68659100000000000000
osv,node,1,59.67853100000000000000,205.46937900000000000000
osv,node,1,48.80555700000000000000,203.44412100000000000000
osv,node,1,56.38947400000000000000,204.84867800000000000000
osv,node,1,63.49015400000000000000,205.38841800000000000000
osv,node,1,55.40889800000000000000,205.35520400000000000000
osv,node,0,63.25704100000000000000,236.54394500000000000000
osv,node,0,57.63822200000000000000,221.94832000000000000000
osv,node,0,64.90824300000000000000,213.33771300000000000000
osv,node,0,43.32210300000000000000,211.11325200000000000000
osv,node,0,40.87809600000000000000,266.44769300000000000000
osv,node,0,68.21328100000000000000,213.60054100000000000000
osv,node,0,59.21923400000000000000,242.93572300000000000000
osv,node,0,51.35153300000000000000,214.10803600000000000000
osv,node,0,47.92223600000000000000,217.23637400000000000000
osv,node,0,65.53640500000000000000,217.99252000000000000000
osv,node,0,54.29073500000000000000,213.65122900000000000000
osv,node,0,51.53514800000000000000,213.72314600000000000000
osv,node,0,53.49378200000000000000,226.18686400000000000000
osv,node,0,65.27387600000000000000,214.04995100000000000000
osv,node,0,51.63092300000000000000,215.13670600000000000000
osv,node,0,45.82844800000000000000,224.57318300000000000000
osv,node,0,53.11929100000000000000,222.03943200000000000000
osv,node,0,69.88392700000000000000,221.82487600000000000000
osv,node,0,56.52675800000000000000,219.92409900000000000000
osv,node,0,56.70163400000000000000,244.80855200000000000000
osv,node,0,63.33899400000000000000,213.11024100000000000000
osv,node,0,44.06274900000000000000,212.17985700000000000000
osv,node,0,44.89107200000000000000,213.35134200000000000000
osv,node,0,57.74759200000000000000,212.29299900000000000000
osv,node,0,43.01624600000000000000,232.35698600000000000000
osv,node,0,61.33560800000000000000,222.79073000000000000000
osv,node,0,62.66617400000000000000,220.06948500000000000000
osv,node,0,48.48454400000000000000,211.26352900000000000000
osv,node,0,48.02283500000000000000,222.45952000000000000000
osv,node,0,53.01890600000000000000,226.43128400000000000000
osv,node,0,52.18025200000000000000,212.51723800000000000000
osv,node,0,43.55092300000000000000,213.90810800000000000000
osv,node,0,50.24714800000000000000,231.99152800000000000000
osv,node,0,39.16480000000000000000,213.02766700000000000000
osv,node,0,52.55408800000000000000,212.58101500000000000000
osv,node,0,60.31523400000000000000,252.84106800000000000000
osv,node,0,48.94276000000000000000,245.68401700000000000000
osv,node,0,61.09036100000000000000,223.37870300000000000000
osv,node,0,59.03788500000000000000,212.55736100000000000000
osv,node,0,73.79914800000000000000,214.21390600000000000000
osv,node,0,59.55777000000000000000,213.30432500000000000000
osv,node,0,62.60433400000000000000,222.69794600000000000000
osv,node,0,45.19863200000000000000,222.80207600000000000000
osv,node,0,56.84530100000000000000,247.95384200000000000000
osv,node,0,52.98600300000000000000,213.95891100000000000000
osv,node,0,46.41558900000000000000,224.16614800000000000000
osv,node,0,63.34179500000000000000,214.35265800000000000000
osv,node,0,53.05736500000000000000,214.20052100000000000000
osv,node,0,67.14370100000000000000,211.37548200000000000000
osv,node,0,54.19187200000000000000,215.41335700000000000000
osv,node,0,62.33473100000000000000,212.73030600000000000000
osv,node,0,61.85449300000000000000,223.38456700000000000000
osv,node,0,50.74439200000000000000,234.29420200000000000000
osv,node,0,57.25771100000000000000,211.51650200000000000000
osv,node,0,64.74846900000000000000,212.06426900000000000000
osv,node,0,73.77758900000000000000,231.34789500000000000000
osv,node,0,47.59375500000000000000,223.65356600000000000000
osv,node,0,58.47792900000000000000,232.67587100000000000000
osv,node,0,46.61346400000000000000,211.27383100000000000000
osv,node,0,58.29172900000000000000,222.39549900000000000000
osv,node,0,56.06244900000000000000,212.45698200000000000000
osv,node,0,81.12816700000000000000,226.79180600000000000000
osv,node,0,64.11191500000000000000,205.99038900000000000000
osv,node,0,48.87460300000000000000,254.57564900000000000000
osv,node,0,61.53411900000000000000,213.24068900000000000000
osv,node,0,61.64745700000000000000,220.83297100000000000000
osv,node,0,47.39112500000000000000,213.73694700000000000000
osv,node,0,72.66550900000000000000,221.69474900000000000000
osv,node,0,47.50500700000000000000,225.28477700000000000000
osv,node,0,65.32918200000000000000,230.68701900000000000000
osv,node,0,57.95413900000000000000,220.33689700000000000000
osv,node,0,55.32077300000000000000,213.22302500000000000000
osv,node,0,43.77208600000000000000,214.93996900000000000000
osv,node,0,58.29243900000000000000,222.32278400000000000000
osv,node,0,56.12806800000000000000,241.98040700000000000000
osv,node,0,48.04199000000000000000,223.24940100000000000000
osv,node,0,50.26118200000000000000,224.24536400000000000000
osv,node,0,60.75731000000000000000,203.31926100000000000000
osv,node,0,40.79473300000000000000,214.01534500000000000000
osv,node,0,60.20984000000000000000,213.74721700000000000000
osv,node,0,65.20039000000000000000,216.49882400000000000000
osv,node,0,56.15958100000000000000,228.95143000000000000000
osv,node,0,55.90642100000000000000,212.63796300000000000000
osv,node,0,53.31865300000000000000,214.18079400000000000000
osv,node,0,50.86045800000000000000,214.34621600000000000000
osv,node,0,53.15525100000000000000,213.96472400000000000000
osv,node,0,70.84443400000000000000,223.85257200000000000000
osv,node,0,68.05699800000000000000,213.36974400000000000000
osv,node,0,54.78485400000000000000,229.80873600000000000000
osv,node,0,59.54436300000000000000,204.54149700000000000000
osv,node,0,56.73404600000000000000,213.79102500000000000000
osv,node,0,54.93040100000000000000,213.99571100000000000000
osv,node,0,68.37908500000000000000,223.50810100000000000000
osv,node,0,58.53004500000000000000,206.88628700000000000000
osv,node,0,62.69717300000000000000,224.03551200000000000000
osv,node,0,56.05855700000000000000,212.61369600000000000000
osv,node,0,50.38887600000000000000,209.36785400000000000000
osv,node,0,54.49224300000000000000,223.62218700000000000000
osv,node,0,70.67158600000000000000,212.20088600000000000000
osv,node,0,49.07059200000000000000,212.18869500000000000000
