target,language,time
runc,node,0.153133218
runc,node,0.160576188
runc,node,0.173309519
runc,node,0.146339389
runc,node,0.151216965
runc,node,0.150900560
runc,node,0.173860098
runc,node,0.152799700
runc,node,0.155764498
runc,node,0.155937376
runc,node,0.170094994
runc,node,0.166183546
runc,node,0.168867556
runc,node,0.146859727
runc,node,0.196050256
runc,node,0.152735880
runc,node,0.164444014
runc,node,0.168042158
runc,node,0.131994883
runc,node,0.172859256
runc,node,0.181015754
runc,node,0.148088233
runc,node,0.158603889
runc,node,0.189955233
runc,node,0.144324461
runc,node,0.170245747
runc,node,0.149284284
runc,node,0.151222345
runc,node,0.166285065
runc,node,0.151066695
runc,node,0.175319937
runc,node,0.158448100
runc,node,0.139530248
runc,node,0.147538806
runc,node,0.158770743
runc,node,0.149288427
runc,node,0.136740946
runc,node,0.154157582
runc,node,0.163865285
runc,node,0.157122828
runc,node,0.132573212
runc,node,0.168730431
runc,node,0.163544096
runc,node,0.181854130
runc,node,0.171714666
runc,node,0.145204939
runc,node,0.155524023
runc,node,0.151402150
runc,node,0.155735813
runc,node,0.169761101
runc,node,0.154851166
runc,node,0.163097711
runc,node,0.139584693
runc,node,0.156554140
runc,node,0.152364575
runc,node,0.183746082
runc,node,0.150576353
runc,node,0.161916489
runc,node,0.180578504
runc,node,0.138565921
runc,node,0.167565432
runc,node,0.155423619
runc,node,0.159985971
runc,node,0.133720675
runc,node,0.142748184
runc,node,0.154393665
runc,node,0.171536101
runc,node,0.148654782
runc,node,0.157082905
runc,node,0.180977603
runc,node,0.158751493
runc,node,0.154949771
runc,node,0.172296947
runc,node,0.143513886
runc,node,0.156045939
runc,node,0.156211407
runc,node,0.138893931
runc,node,0.165783030
runc,node,0.192755201
runc,node,0.159322194
runc,node,0.156801875
runc,node,0.149654321
runc,node,0.133437600
runc,node,0.153898982
runc,node,0.137202863
runc,node,0.160815002
runc,node,0.173697660
runc,node,0.145193725
runc,node,0.198449061
runc,node,0.170395116
runc,node,0.181095152
runc,node,0.160680395
runc,node,0.179564642
runc,node,0.148110697
runc,node,0.156495571
runc,node,0.164328906
runc,node,0.155512792
runc,node,0.135205751
runc,node,0.177669667
runc,node,0.167503593
runc,go,0.114633121
runc,go,0.121681467
runc,go,0.140366640
runc,go,0.137190340
runc,go,0.122536750
runc,go,0.110667141
runc,go,0.129953639
runc,go,0.101983706
runc,go,0.129641253
runc,go,0.114376121
runc,go,0.138175700
runc,go,0.125717021
runc,go,0.108891538
runc,go,0.114760054
runc,go,0.101160579
runc,go,0.122288938
runc,go,0.109824150
runc,go,0.115050596
runc,go,0.121581349
runc,go,0.109728551
runc,go,0.126246420
runc,go,0.119856351
runc,go,0.135093487
runc,go,0.120566879
runc,go,0.130891989
runc,go,0.114444238
runc,go,0.138196756
runc,go,0.116372846
runc,go,0.135852919
runc,go,0.121631672
runc,go,0.134851542
runc,go,0.128327895
runc,go,0.105132021
runc,go,0.122621175
runc,go,0.112553380
runc,go,0.130804431
runc,go,0.113558487
runc,go,0.111318274
runc,go,0.113672000
runc,go,0.109409312
runc,go,0.122055381
runc,go,0.112423312
runc,go,0.116013760
runc,go,0.142006695
runc,go,0.122345756
runc,go,0.117845101
runc,go,0.109601276
runc,go,0.121869717
runc,go,0.121951578
runc,go,0.110558791
runc,go,0.116892286
runc,go,0.098227920
runc,go,0.120650715
runc,go,0.110791856
runc,go,0.134124165
runc,go,0.109013617
runc,go,0.114096591
runc,go,0.114505011
runc,go,0.113347178
runc,go,0.129380944
runc,go,0.118283533
runc,go,0.140642273
runc,go,0.099699553
runc,go,0.125808777
runc,go,0.125945680
runc,go,0.108991028
runc,go,0.117690141
runc,go,0.114710384
runc,go,0.130803856
runc,go,0.103016961
runc,go,0.135220160
runc,go,0.117522163
runc,go,0.142565381
runc,go,0.133579016
runc,go,0.118066498
runc,go,0.146345145
runc,go,0.108904079
runc,go,0.119737471
runc,go,0.119059236
runc,go,0.113764855
runc,go,0.112388098
runc,go,0.120030534
runc,go,0.122350359
runc,go,0.109381416
runc,go,0.147256192
runc,go,0.113328608
runc,go,0.098417107
runc,go,0.118161021
runc,go,0.117576464
runc,go,0.112567566
runc,go,0.126063840
runc,go,0.125205330
runc,go,0.119239228
runc,go,0.123428201
runc,go,0.107887842
runc,go,0.138978775
runc,go,0.133528043
runc,go,0.121330511
runc,go,0.114317539
runc,go,0.129746655
runsc,node,0.337827519
runsc,node,0.349092083
runsc,node,0.340862419
runsc,node,0.376164035
runsc,node,0.390541803
runsc,node,0.344075057
runsc,node,0.304204472
runsc,node,0.378476128
runsc,node,0.329402451
runsc,node,0.396579485
runsc,node,0.349056243
runsc,node,0.354310580
runsc,node,0.359011638
runsc,node,0.356967297
runsc,node,0.330414611
runsc,node,0.341263137
runsc,node,0.346484350
runsc,node,0.336173924
runsc,node,0.334844016
runsc,node,0.339057698
runsc,node,0.344253247
runsc,node,0.454131091
runsc,node,0.387496107
runsc,node,0.354026053
runsc,node,0.376400754
runsc,node,0.346897979
runsc,node,0.356741391
runsc,node,0.354245167
runsc,node,0.375259233
runsc,node,0.379336940
runsc,node,0.340495387
runsc,node,0.377969336
runsc,node,0.353350293
runsc,node,0.348716385
runsc,node,0.365981873
runsc,node,0.383651401
runsc,node,0.370684339
runsc,node,0.374878182
runsc,node,0.385315253
runsc,node,0.346962635
runsc,node,0.379204507
runsc,node,0.332727721
runsc,node,0.402018384
runsc,node,0.325217791
runsc,node,0.343333038
runsc,node,0.348265550
runsc,node,0.352703307
runsc,node,0.349212924
runsc,node,0.368806299
runsc,node,0.369121714
runsc,node,0.356225589
runsc,node,0.357382434
runsc,node,0.329384787
runsc,node,0.406454789
runsc,node,0.352776925
runsc,node,0.378769521
runsc,node,0.476410900
runsc,node,0.354252944
runsc,node,0.347424269
runsc,node,0.387803974
runsc,node,0.520324398
runsc,node,0.351322232
runsc,node,0.475465153
runsc,node,0.361681848
runsc,node,0.338592507
runsc,node,0.364995367
runsc,node,0.359650019
runsc,node,0.346539755
runsc,node,0.377952314
runsc,node,0.381759482
runsc,node,0.320690247
runsc,node,0.355498184
runsc,node,0.345365257
runsc,node,0.315877556
runsc,node,0.299635866
runsc,node,0.347123780
runsc,node,0.354261604
runsc,node,0.362927780
runsc,node,0.375688626
runsc,node,0.345110335
runsc,node,0.315638172
runsc,node,0.390215581
runsc,node,0.362303677
runsc,node,0.351535644
runsc,node,0.340927585
runsc,node,0.358500755
runsc,node,0.404141858
runsc,node,0.394283052
runsc,node,0.346800382
runsc,node,0.325257292
runsc,node,0.337100600
runsc,node,0.352659770
runsc,node,0.348404627
runsc,node,0.365924943
runsc,node,0.338207967
runsc,node,0.388836184
runsc,node,0.356909291
runsc,node,0.401194830
runsc,node,0.328916526
runsc,node,0.359478729
runsc,go,0.299515159
runsc,go,0.290626763
runsc,go,0.294518956
runsc,go,0.281670404
runsc,go,0.272529558
runsc,go,0.294251085
runsc,go,0.283163746
runsc,go,0.448766924
runsc,go,0.262251948
runsc,go,0.280547349
runsc,go,0.268254545
runsc,go,0.256880934
runsc,go,0.289411829
runsc,go,0.385377269
runsc,go,0.300929079
runsc,go,0.300060448
runsc,go,0.261319250
runsc,go,0.313535137
runsc,go,0.293622579
runsc,go,0.290423548
runsc,go,0.292855328
runsc,go,0.273735789
runsc,go,0.301480363
runsc,go,0.302881538
runsc,go,0.312596867
runsc,go,0.322685976
runsc,go,0.281017148
runsc,go,0.257906298
runsc,go,0.356439428
runsc,go,0.282188850
runsc,go,0.279222612
runsc,go,0.362563336
runsc,go,0.274875028
runsc,go,0.401542947
runsc,go,0.388758736
runsc,go,0.330370460
runsc,go,0.318434422
runsc,go,0.313976442
runsc,go,0.278009179
runsc,go,0.298275105
runsc,go,0.270560925
runsc,go,0.240213838
runsc,go,0.372083493
runsc,go,0.286325704
runsc,go,0.308545532
runsc,go,0.289840015
runsc,go,0.277273236
runsc,go,0.305961200
runsc,go,0.304102093
runsc,go,0.280287398
runsc,go,0.300850043
runsc,go,0.255697568
runsc,go,0.305832190
runsc,go,0.305650597
runsc,go,0.298841746
runsc,go,0.304876877
runsc,go,0.277104696
runsc,go,0.282469778
runsc,go,0.269631449
runsc,go,0.290662536
runsc,go,0.248363910
runsc,go,0.290669243
runsc,go,0.266602377
runsc,go,0.313483248
runsc,go,0.265122896
runsc,go,0.298487888
runsc,go,0.360871562
runsc,go,0.294834387
runsc,go,0.289094038
runsc,go,0.250482919
runsc,go,0.285032815
runsc,go,0.289864989
runsc,go,0.265828025
runsc,go,0.268201531
runsc,go,0.283082657
runsc,go,0.346420969
runsc,go,0.252070851
runsc,go,0.279284401
runsc,go,0.292249905
runsc,go,0.298413974
runsc,go,0.306150239
runsc,go,0.288349238
runsc,go,0.290608452
runsc,go,0.326146063
runsc,go,0.384718112
runsc,go,0.280762494
runsc,go,0.295798224
runsc,go,0.315540599
runsc,go,0.268652718
runsc,go,0.256582701
runsc,go,0.290298008
runsc,go,0.286013981
runsc,go,0.385400482
runsc,go,0.295563404
runsc,go,0.297131833
runsc,go,0.282277434
runsc,go,0.280800284
runsc,go,0.274533647
runsc,go,0.317616660
runsc,go,0.281379950
